{"cameraMode":{"drawMode":0,"name":"Shaded","section":"Shading Mode"},"sceneLighting":false,"audioPlay":false,"sceneViewState":{"showFog":true,"showMaterialUpdate":false,"showSkybox":false,"showFlares":true,"showImageEffects":true,"showParticleSystems":true},"in2DMode":false,"pivot":{"x":1.7881393432617188e-7,"y":0.06914485991001129,"z":-0.42603957653045657},"rotation":{"x":-0.29671797156333926,"y":-0.6227573156356812,"z":0.27611199021339419,"w":-0.6692900061607361},"size":1.391790509223938,"orthographic":false}