{"cameraMode":{"drawMode":0,"name":"Shaded","section":"Shading Mode"},"sceneLighting":true,"audioPlay":false,"sceneViewState":{"showFog":true,"showMaterialUpdate":false,"showSkybox":true,"showFlares":true,"showImageEffects":true,"showParticleSystems":true},"in2DMode":false,"pivot":{"x":-5.4197096824646,"y":-9.162845611572266,"z":12.384693145751954},"rotation":{"x":0.31667545437812807,"y":-0.20494961738586427,"z":0.07027683407068253,"w":0.9235991835594177},"size":10.0,"orthographic":false}