{"cameraMode":{"drawMode":0,"name":"Shaded","section":"Shading Mode"},"sceneLighting":true,"audioPlay":false,"sceneViewState":{"showFog":true,"showMaterialUpdate":false,"showSkybox":false,"showFlares":true,"showImageEffects":true,"showParticleSystems":true},"in2DMode":false,"pivot":{"x":11.698789596557618,"y":-0.0350000262260437,"z":-4.110694885253906},"rotation":{"x":-0.29671797156333926,"y":-0.6227573156356812,"z":0.27611199021339419,"w":-0.6692900061607361},"size":13.2481050491333,"orthographic":false}