{"cameraMode":{"drawMode":0,"name":"Shaded","section":"Shading Mode"},"sceneLighting":true,"audioPlay":false,"sceneViewState":{"showFog":true,"showMaterialUpdate":false,"showSkybox":false,"showFlares":true,"showImageEffects":true,"showParticleSystems":true},"in2DMode":false,"pivot":{"x":10.056777954101563,"y":0.0033107995986938478,"z":-20.297203063964845},"rotation":{"x":0.014760291203856469,"y":-0.9806839823722839,"z":0.17724981904029847,"w":0.08169260621070862},"size":2.0178959369659426,"orthographic":false}